{
  "hash": "33cf4760",
  "configHash": "3b08de57",
  "lockfileHash": "5a74fb03",
  "browserHash": "7e0d2e40",
  "optimized": {
    "@angular/common": {
      "src": "../../../../../../node_modules/@angular/common/fesm2022/common.mjs",
      "file": "@angular_common.js",
      "fileHash": "b1a90d39",
      "needsInterop": false
    },
    "@angular/core": {
      "src": "../../../../../../node_modules/@angular/core/fesm2022/core.mjs",
      "file": "@angular_core.js",
      "fileHash": "d9d9852a",
      "needsInterop": false
    },
    "@angular/forms": {
      "src": "../../../../../../node_modules/@angular/forms/fesm2022/forms.mjs",
      "file": "@angular_forms.js",
      "fileHash": "e4bdfe5e",
      "needsInterop": false
    },
    "@angular/platform-browser": {
      "src": "../../../../../../node_modules/@angular/platform-browser/fesm2022/platform-browser.mjs",
      "file": "@angular_platform-browser.js",
      "fileHash": "655942c2",
      "needsInterop": false
    },
    "@angular/platform-server": {
      "src": "../../../../../../node_modules/@angular/platform-server/fesm2022/platform-server.mjs",
      "file": "@angular_platform-server.js",
      "fileHash": "e49331f1",
      "needsInterop": false
    },
    "@angular/router": {
      "src": "../../../../../../node_modules/@angular/router/fesm2022/router.mjs",
      "file": "@angular_router.js",
      "fileHash": "f23608be",
      "needsInterop": false
    },
    "axios": {
      "src": "../../../../../../node_modules/axios/index.js",
      "file": "axios.js",
      "fileHash": "727c23e3",
      "needsInterop": false
    }
  },
  "chunks": {
    "chunk-C2UTDAU3": {
      "file": "chunk-C2UTDAU3.js"
    },
    "chunk-UBHZW4XB": {
      "file": "chunk-UBHZW4XB.js"
    },
    "chunk-3AX2IEMT": {
      "file": "chunk-3AX2IEMT.js"
    },
    "xhr2-NXSNJHPD": {
      "file": "xhr2-NXSNJHPD.js"
    },
    "chunk-HOWG5LT4": {
      "file": "chunk-HOWG5LT4.js"
    }
  }
}